id;session_date;session_time;description;notes;created_at;updated_at
1;2025-01-30;2025-01-30T13:58:50;urban hm um;regulate;2025-01-30T11:23:01;2025-01-30T06:31:00
2;2025-01-30;2025-01-30T03:40:27;mmm;giant;2025-01-30T21:06:57;2025-01-30T11:27:50
3;2025-01-30;2025-01-30T13:44:41;speedily;wee excepting;2025-01-30T17:50:16;2025-01-30T04:54:01
4;2025-01-30;2025-01-30T04:15:57;gracious meanwhile even;worse dissemble;2025-01-30T17:02:17;2025-01-30T08:12:11
5;2025-01-30;2025-01-30T11:24:02;overcharge against;pinstripe however;2025-01-30T11:31:12;2025-01-30T03:12:53
6;2025-01-29;2025-01-30T06:32:31;disconnection reassuringly;amidst develop;2025-01-30T02:50:16;2025-01-30T06:20:15
7;2025-01-29;2025-01-30T16:53:31;kielbasa;psst upwardly up;2025-01-29T22:11:20;2025-01-30T18:56:12
8;2025-01-29;2025-01-30T20:15:23;loftily;acidly internalize;2025-01-30T10:35:50;2025-01-30T19:39:08
9;2025-01-30;2025-01-30T17:56:29;till suddenly;geez coop;2025-01-30T06:29:06;2025-01-30T02:02:15
10;2025-01-30;2025-01-29T21:26:39;cone hole where;while as;2025-01-30T12:09:06;2025-01-29T23:35:35
